original_title,summary
Review | Claire Danes and Matthew Rhys are deadly frenemies in ‘The Beast in Me’ - The Washington Post,"In ""The Beast in Me,"" Claire Danes and Matthew Rhys portray a complex relationship between a tense writer and a disgraced real-estate mogul in a thriller setting. The article by Lili Loofbourow highlights the intriguing dynamics and"
'The Devil Wears Prada 2' just dropped its 1st teaser trailer showing Anne Hathaway and Meryl Streep together again after 20 years - Yahoo,"The first official teaser for ""The Devil Wears Prada 2"" has been released, featuring a reunion of Anne Hathaway and Meryl Streep after 20 years. The trailer gives fans a glimpse into the sleek world of Runway Magazine once again"
"Ammonia leak in Oklahoma leaves dozens hospitalized, forces hundreds to evacuate - CBS News",An ammonia leak in a western Oklahoma city resulted in dozens of people being hospitalized and prompted the evacuation of hundreds. The incident highlights the dangers of chemical spills and its impact on community safety.
Stock Market Today: S&P 500 Futures Inc Lower After Shutdown Ends; Disney Falls — Live Updates - The Wall Street Journal,"The article discusses the stock market's performance following the end of a government shutdown. S&P 500 futures are experiencing a decline, with notable losses reported for Disney shares. Live updates track these trends and their implications for the market."
Disney raises dividend and buybacks as theme parks defy downturn fears - Financial Times,"Disney announced an increase in dividends and share buybacks, buoyed by the strong performance of its theme parks despite concerns about a downturn. The company's growth in its experiences segment compensates for a lack of major film releases and ongoing declines in television revenue."
"DJI’s Neo 2 selfie drone launches globally, but not in the US - The Verge","DJI's Neo 2 selfie drone has been launched globally, featuring improved obstacle avoidance, gesture controls, and extended flight time. However, it will not be available in the US market."
"What new Epstein emails say. And, ACA subsidies in limbo - NPR","The article discusses newly released emails related to Jeffrey Epstein and their implications. Additionally, it highlights that although a government shutdown has concluded, health insurance subsidies under the Affordable Care Act are still pending, with a vote anticipated next month."
6 Patriots to watch against the Jets on Thursday Night Football - Pats Pulpit,The article by Bernd Buchmasser highlights six key players to watch on the New England Patriots as they prepare to face the New York Jets in a Thursday Night Football matchup at Gillette Stadium. The focus is on how these players could impact the game
How Lady Gaga Found Herself Again: ‘I Feel Lucky to Be Alive’ - Rolling Stone,"In ""How Lady Gaga Found Herself Again,"" Brian Hiatt explores Lady Gaga's journey of personal resurgence after facing significant challenges. The article highlights her emotional struggles and how she rediscovered her passion for music, culminating in the creation of her acclaimed album"
Iraq Election Results Set Stage for a Long Power Struggle - The Wall Street Journal,"The article discusses the outcomes of the recent elections in Iraq, highlighting the fragmented political landscape and the likely prolonged struggle for power among various factions. It emphasizes the challenges ahead in forming a stable government as multiple parties vie for influence, potentially leading to further instability"
"Lawyers for Comey, Letitia James to argue in court that their cases should be dismissed - CBS News","Lawyers for James Comey and Letitia James are seeking to have their indictments dismissed, claiming that the appointment of the interim U.S. attorney in Virginia was illegal. This was reported by CBS News on November 13, 2025."
The Trump administration is ‘actively evaluating’ portable mortgages. What you need to know - CNN,"The Trump administration is considering the introduction of portable mortgages, which would allow homeowners to retain their mortgage interest rates when relocating. This initiative aims to make housing more affordable, providing flexibility for homeowners as they move."
Steam Machine: Valve rivals Xbox and PlayStation with new console - BBC,"The article discusses the Steam Machine, a new console from Valve aimed at competing with Xbox and PlayStation. It allows gamers to play PC games on their television, enhancing the gaming experience for those who prefer console-style gameplay with the extensive library of PC titles"
Starbucks workers kick off 65-store US strike on company’s busy Red Cup Day - AP News,"On November 13, 2025, over 1,000 unionized Starbucks workers initiated a strike at 65 U.S. locations, coinciding with the company's busy Red Cup Day, known for giving away free reusable cups. This action has"
Israel deported Palestinian prisoners to Egypt. Some Israelis question the practice - NPR,"Israel recently deported over 150 freed Palestinian prisoners to Egypt, raising concerns among Israeli experts about potential long-term impacts on national security. The practice has sparked debate within Israel, with some questioning the implications of such actions on future relations and stability."
"Lupus may be caused by the common Epstein-Barr virus, study finds - NBC News","A study reported by NBC News suggests that the Epstein-Barr virus, a prevalent virus globally, may be linked to the development of lupus, an autoimmune disease characterized by various symptoms."
Samsung’s trifold gets a name and ‘confirmed’ specs - The Verge,"Samsung's upcoming foldable device, the Galaxy Z TriFold, is set to launch on December 5th. The article details the confirmed specifications of the device, showcasing its innovative trifold design."
Jason Mackey: Cy Young winner Paul Skenes used his words. The Pirates darn well better listen - Pittsburgh Post-Gazette,"In his article, Jason Mackey emphasizes that Paul Skenes, the Cy Young award-winning pitcher, has made his thoughts known and that the Pittsburgh Pirates should take his insights seriously. Mackey argues that the team's leadership must pay attention to Sken"
"Tuberculosis kills 1.23 million people last year, WHO says - Al Jazeera",The World Health Organization (WHO) reported that tuberculosis (TB) claimed 1.23 million lives last year. The agency highlighted that recent advancements in controlling the disease are at risk due to a lack of essential funding and support.
